addr_val,addr_name,did_core_name0,did_core_name1,did_core_name2,did_suffix_name,append_add_num,offset_to_local,is_it_used,addr_type,1mi_x_val,1mi_rtv_val,1mi_avg_val,1mi_sdv_val,5mi_x_val,5mi_rtv_val,5mi_avg_val,5mi_sdv_val,15mi_sdv_val,15mi_avg_val,15mi_x_val
0,1号风机有功功率,风机,1,有功功率,,1,0,1,3,,0#167#0#1#0,0#169#0#1#0,,,,0#169#0#1#0,,,0#169#0#1#0,
2,1号风机无功功率,风机,1,无功功率,,1,0,1,3,,0#167#0#1#0,0#169#0#1#0,,,,0#169#0#1#0,,,0#169#0#1#0,
4,1号风机风速,风机,1,风速,,1,0,1,3,,0#167#0#1#0,0#169#0#1#0,,,,0#169#0#1#0,,,0#169#0#1#0,
6,1号风机风向,风机,1,风向,,1,0,1,3,,0#167#0#1#0,0#168#2#1#0,,,,0#168#2#1#0,,,0#168#2#1#0,
8,1号风机发电机转速,风机,1,发电机转速,,1,0,1,3,,0#167#0#1#0,,,,,,,,,
10,1号风机风机状态,风机,1,风机状态float,,1,0,1,3,0#167#0#1#0,,,,,,,,,,
12,2号风机有功功率,风机,2,有功功率,,1,0,1,3,,0#167#0#1#0,0#169#0#1#0,,,,0#169#0#1#0,,,0#169#0#1#0,
14,2号风机无功功率,风机,2,无功功率,,1,0,1,3,,0#167#0#1#0,0#169#0#1#0,,,,0#169#0#1#0,,,0#169#0#1#0,
16,2号风机风速,风机,2,风速,,1,0,1,3,,0#167#0#1#0,0#169#0#1#0,,,,0#169#0#1#0,,,0#169#0#1#0,
18,2号风机风向,风机,2,风向,,1,0,1,3,,0#167#0#1#0,0#168#2#1#0,,,,0#168#2#1#0,,,0#168#2#1#0,
20,2号风机发电机转速,风机,2,发电机转速,,1,0,1,3,,0#167#0#1#0,,,,,,,,,
22,2号风机风机状态,风机,2,风机状态float,,1,0,1,3,0#167#0#1#0,,,,,,,,,,
24,3号风机有功功率,风机,3,有功功率,,1,0,1,3,,0#167#0#1#0,0#169#0#1#0,,,,0#169#0#1#0,,,0#169#0#1#0,
26,3号风机无功功率,风机,3,无功功率,,1,0,1,3,,0#167#0#1#0,0#169#0#1#0,,,,0#169#0#1#0,,,0#169#0#1#0,
28,3号风机风速,风机,3,风速,,1,0,1,3,,0#167#0#1#0,0#169#0#1#0,,,,0#169#0#1#0,,,0#169#0#1#0,
30,3号风机风向,风机,3,风向,,1,0,1,3,,0#167#0#1#0,0#168#2#1#0,,,,0#168#2#1#0,,,0#168#2#1#0,
32,3号风机发电机转速,风机,3,发电机转速,,1,0,1,3,,0#167#0#1#0,,,,,,,,,
34,3号风机风机状态,风机,3,风机状态float,,1,0,1,3,0#167#0#1#0,,,,,,,,,,
36,4号风机有功功率,风机,4,有功功率,,1,0,1,3,,0#167#0#1#0,0#169#0#1#0,,,,0#169#0#1#0,,,0#169#0#1#0,
38,4号风机无功功率,风机,4,无功功率,,1,0,1,3,,0#167#0#1#0,0#169#0#1#0,,,,0#169#0#1#0,,,0#169#0#1#0,
40,4号风机风速,风机,4,风速,,1,0,1,3,,0#167#0#1#0,0#169#0#1#0,,,,0#169#0#1#0,,,0#169#0#1#0,
42,4号风机风向,风机,4,风向,,1,0,1,3,,0#167#0#1#0,0#168#2#1#0,,,,0#168#2#1#0,,,0#168#2#1#0,
44,4号风机发电机转速,风机,4,发电机转速,,1,0,1,3,,0#167#0#1#0,,,,,,,,,
46,4号风机风机状态,风机,4,风机状态float,,1,0,1,3,0#167#0#1#0,,,,,,,,,,
48,5号风机有功功率,风机,5,有功功率,,1,0,1,3,,0#167#0#1#0,0#169#0#1#0,,,,0#169#0#1#0,,,0#169#0#1#0,
50,5号风机无功功率,风机,5,无功功率,,1,0,1,3,,0#167#0#1#0,0#169#0#1#0,,,,0#169#0#1#0,,,0#169#0#1#0,
52,5号风机风速,风机,5,风速,,1,0,1,3,,0#167#0#1#0,0#169#0#1#0,,,,0#169#0#1#0,,,0#169#0#1#0,
54,5号风机风向,风机,5,风向,,1,0,1,3,,0#167#0#1#0,0#168#2#1#0,,,,0#168#2#1#0,,,0#168#2#1#0,
56,5号风机发电机转速,风机,5,发电机转速,,1,0,1,3,,0#167#0#1#0,,,,,,,,,
58,5号风机风机状态,风机,5,风机状态float,,1,0,1,3,0#167#0#1#0,,,,,,,,,,
60,6号风机有功功率,风机,6,有功功率,,1,0,1,3,,0#167#0#1#0,0#169#0#1#0,,,,0#169#0#1#0,,,0#169#0#1#0,
62,6号风机无功功率,风机,6,无功功率,,1,0,1,3,,0#167#0#1#0,0#169#0#1#0,,,,0#169#0#1#0,,,0#169#0#1#0,
64,6号风机风速,风机,6,风速,,1,0,1,3,,0#167#0#1#0,0#169#0#1#0,,,,0#169#0#1#0,,,0#169#0#1#0,
66,6号风机风向,风机,6,风向,,1,0,1,3,,0#167#0#1#0,0#168#2#1#0,,,,0#168#2#1#0,,,0#168#2#1#0,
68,6号风机发电机转速,风机,6,发电机转速,,1,0,1,3,,0#167#0#1#0,,,,,,,,,
70,6号风机风机状态,风机,6,风机状态float,,1,0,1,3,0#167#0#1#0,,,,,,,,,,
72,7号风机有功功率,风机,7,有功功率,,1,0,1,3,,0#167#0#1#0,0#169#0#1#0,,,,0#169#0#1#0,,,0#169#0#1#0,
74,7号风机无功功率,风机,7,无功功率,,1,0,1,3,,0#167#0#1#0,0#169#0#1#0,,,,0#169#0#1#0,,,0#169#0#1#0,
76,7号风机风速,风机,7,风速,,1,0,1,3,,0#167#0#1#0,0#169#0#1#0,,,,0#169#0#1#0,,,0#169#0#1#0,
78,7号风机风向,风机,7,风向,,1,0,1,3,,0#167#0#1#0,0#168#2#1#0,,,,0#168#2#1#0,,,0#168#2#1#0,
80,7号风机发电机转速,风机,7,发电机转速,,1,0,1,3,,0#167#0#1#0,,,,,,,,,
82,7号风机风机状态,风机,7,风机状态float,,1,0,1,3,0#167#0#1#0,,,,,,,,,,
84,8号风机有功功率,风机,8,有功功率,,1,0,1,3,,0#167#0#1#0,0#169#0#1#0,,,,0#169#0#1#0,,,0#169#0#1#0,
86,8号风机无功功率,风机,8,无功功率,,1,0,1,3,,0#167#0#1#0,0#169#0#1#0,,,,0#169#0#1#0,,,0#169#0#1#0,
88,8号风机风速,风机,8,风速,,1,0,1,3,,0#167#0#1#0,0#169#0#1#0,,,,0#169#0#1#0,,,0#169#0#1#0,
90,8号风机风向,风机,8,风向,,1,0,1,3,,0#167#0#1#0,0#168#2#1#0,,,,0#168#2#1#0,,,0#168#2#1#0,
92,8号风机发电机转速,风机,8,发电机转速,,1,0,1,3,,0#167#0#1#0,,,,,,,,,
94,8号风机风机状态,风机,8,风机状态float,,1,0,1,3,0#167#0#1#0,,,,,,,,,,
96,9号风机有功功率,风机,9,有功功率,,1,0,1,3,,0#167#0#1#0,0#169#0#1#0,,,,0#169#0#1#0,,,0#169#0#1#0,
98,9号风机无功功率,风机,9,无功功率,,1,0,1,3,,0#167#0#1#0,0#169#0#1#0,,,,0#169#0#1#0,,,0#169#0#1#0,
100,9号风机风速,风机,9,风速,,1,0,1,3,,0#167#0#1#0,0#169#0#1#0,,,,0#169#0#1#0,,,0#169#0#1#0,
102,9号风机风向,风机,9,风向,,1,0,1,3,,0#167#0#1#0,0#168#2#1#0,,,,0#168#2#1#0,,,0#168#2#1#0,
104,9号风机发电机转速,风机,9,发电机转速,,1,0,1,3,,0#167#0#1#0,,,,,,,,,
106,9号风机风机状态,风机,9,风机状态float,,1,0,1,3,0#167#0#1#0,,,,,,,,,,
108,10号风机有功功率,风机,10,有功功率,,1,0,1,3,,0#167#0#1#0,0#169#0#1#0,,,,0#169#0#1#0,,,0#169#0#1#0,
110,10号风机无功功率,风机,10,无功功率,,1,0,1,3,,0#167#0#1#0,0#169#0#1#0,,,,0#169#0#1#0,,,0#169#0#1#0,
112,10号风机风速,风机,10,风速,,1,0,1,3,,0#167#0#1#0,0#169#0#1#0,,,,0#169#0#1#0,,,0#169#0#1#0,
114,10号风机风向,风机,10,风向,,1,0,1,3,,0#167#0#1#0,0#168#2#1#0,,,,0#168#2#1#0,,,0#168#2#1#0,
116,10号风机发电机转速,风机,10,发电机转速,,1,0,1,3,,0#167#0#1#0,,,,,,,,,
118,10号风机风机状态,风机,10,风机状态float,,1,0,1,3,0#167#0#1#0,,,,,,,,,,
120,11号风机有功功率,风机,11,有功功率,,1,0,1,3,,0#167#0#1#0,0#169#0#1#0,,,,0#169#0#1#0,,,0#169#0#1#0,
122,11号风机无功功率,风机,11,无功功率,,1,0,1,3,,0#167#0#1#0,0#169#0#1#0,,,,0#169#0#1#0,,,0#169#0#1#0,
124,11号风机风速,风机,11,风速,,1,0,1,3,,0#167#0#1#0,0#169#0#1#0,,,,0#169#0#1#0,,,0#169#0#1#0,
126,11号风机风向,风机,11,风向,,1,0,1,3,,0#167#0#1#0,0#168#2#1#0,,,,0#168#2#1#0,,,0#168#2#1#0,
128,11号风机发电机转速,风机,11,发电机转速,,1,0,1,3,,0#167#0#1#0,,,,,,,,,
130,11号风机风机状态,风机,11,风机状态float,,1,0,1,3,0#167#0#1#0,,,,,,,,,,
132,12号风机有功功率,风机,12,有功功率,,1,0,1,3,,0#167#0#1#0,0#169#0#1#0,,,,0#169#0#1#0,,,0#169#0#1#0,
134,12号风机无功功率,风机,12,无功功率,,1,0,1,3,,0#167#0#1#0,0#169#0#1#0,,,,0#169#0#1#0,,,0#169#0#1#0,
136,12号风机风速,风机,12,风速,,1,0,1,3,,0#167#0#1#0,0#169#0#1#0,,,,0#169#0#1#0,,,0#169#0#1#0,
138,12号风机风向,风机,12,风向,,1,0,1,3,,0#167#0#1#0,0#168#2#1#0,,,,0#168#2#1#0,,,0#168#2#1#0,
140,12号风机发电机转速,风机,12,发电机转速,,1,0,1,3,,0#167#0#1#0,,,,,,,,,
142,12号风机风机状态,风机,12,风机状态float,,1,0,1,3,0#167#0#1#0,,,,,,,,,,
144,13号风机有功功率,风机,13,有功功率,,1,0,1,3,,0#167#0#1#0,0#169#0#1#0,,,,0#169#0#1#0,,,0#169#0#1#0,
146,13号风机无功功率,风机,13,无功功率,,1,0,1,3,,0#167#0#1#0,0#169#0#1#0,,,,0#169#0#1#0,,,0#169#0#1#0,
148,13号风机风速,风机,13,风速,,1,0,1,3,,0#167#0#1#0,0#169#0#1#0,,,,0#169#0#1#0,,,0#169#0#1#0,
150,13号风机风向,风机,13,风向,,1,0,1,3,,0#167#0#1#0,0#168#2#1#0,,,,0#168#2#1#0,,,0#168#2#1#0,
152,13号风机发电机转速,风机,13,发电机转速,,1,0,1,3,,0#167#0#1#0,,,,,,,,,
154,13号风机风机状态,风机,13,风机状态float,,1,0,1,3,0#167#0#1#0,,,,,,,,,,
156,14号风机有功功率,风机,14,有功功率,,1,0,1,3,,0#167#0#1#0,0#169#0#1#0,,,,0#169#0#1#0,,,0#169#0#1#0,
158,14号风机无功功率,风机,14,无功功率,,1,0,1,3,,0#167#0#1#0,0#169#0#1#0,,,,0#169#0#1#0,,,0#169#0#1#0,
160,14号风机风速,风机,14,风速,,1,0,1,3,,0#167#0#1#0,0#169#0#1#0,,,,0#169#0#1#0,,,0#169#0#1#0,
162,14号风机风向,风机,14,风向,,1,0,1,3,,0#167#0#1#0,0#168#2#1#0,,,,0#168#2#1#0,,,0#168#2#1#0,
164,14号风机发电机转速,风机,14,发电机转速,,1,0,1,3,,0#167#0#1#0,,,,,,,,,
166,14号风机风机状态,风机,14,风机状态float,,1,0,1,3,0#167#0#1#0,,,,,,,,,,
168,15号风机有功功率,风机,15,有功功率,,1,0,1,3,,0#167#0#1#0,0#169#0#1#0,,,,0#169#0#1#0,,,0#169#0#1#0,
170,15号风机无功功率,风机,15,无功功率,,1,0,1,3,,0#167#0#1#0,0#169#0#1#0,,,,0#169#0#1#0,,,0#169#0#1#0,
172,15号风机风速,风机,15,风速,,1,0,1,3,,0#167#0#1#0,0#169#0#1#0,,,,0#169#0#1#0,,,0#169#0#1#0,
174,15号风机风向,风机,15,风向,,1,0,1,3,,0#167#0#1#0,0#168#2#1#0,,,,0#168#2#1#0,,,0#168#2#1#0,
176,15号风机发电机转速,风机,15,发电机转速,,1,0,1,3,,0#167#0#1#0,,,,,,,,,
178,15号风机风机状态,风机,15,风机状态float,,1,0,1,3,0#167#0#1#0,,,,,,,,,,
180,16号风机有功功率,风机,16,有功功率,,1,0,1,3,,0#167#0#1#0,0#169#0#1#0,,,,0#169#0#1#0,,,0#169#0#1#0,
182,16号风机无功功率,风机,16,无功功率,,1,0,1,3,,0#167#0#1#0,0#169#0#1#0,,,,0#169#0#1#0,,,0#169#0#1#0,
184,16号风机风速,风机,16,风速,,1,0,1,3,,0#167#0#1#0,0#169#0#1#0,,,,0#169#0#1#0,,,0#169#0#1#0,
186,16号风机风向,风机,16,风向,,1,0,1,3,,0#167#0#1#0,0#168#2#1#0,,,,0#168#2#1#0,,,0#168#2#1#0,
188,16号风机发电机转速,风机,16,发电机转速,,1,0,1,3,,0#167#0#1#0,,,,,,,,,
190,16号风机风机状态,风机,16,风机状态float,,1,0,1,3,0#167#0#1#0,,,,,,,,,,
192,17号风机有功功率,风机,17,有功功率,,1,0,1,3,,0#167#0#1#0,0#169#0#1#0,,,,0#169#0#1#0,,,0#169#0#1#0,
194,17号风机无功功率,风机,17,无功功率,,1,0,1,3,,0#167#0#1#0,0#169#0#1#0,,,,0#169#0#1#0,,,0#169#0#1#0,
196,17号风机风速,风机,17,风速,,1,0,1,3,,0#167#0#1#0,0#169#0#1#0,,,,0#169#0#1#0,,,0#169#0#1#0,
198,17号风机风向,风机,17,风向,,1,0,1,3,,0#167#0#1#0,0#168#2#1#0,,,,0#168#2#1#0,,,0#168#2#1#0,
200,17号风机发电机转速,风机,17,发电机转速,,1,0,1,3,,0#167#0#1#0,,,,,,,,,
202,17号风机风机状态,风机,17,风机状态float,,1,0,1,3,0#167#0#1#0,,,,,,,,,,
204,18号风机有功功率,风机,18,有功功率,,1,0,1,3,,0#167#0#1#0,0#169#0#1#0,,,,0#169#0#1#0,,,0#169#0#1#0,
206,18号风机无功功率,风机,18,无功功率,,1,0,1,3,,0#167#0#1#0,0#169#0#1#0,,,,0#169#0#1#0,,,0#169#0#1#0,
208,18号风机风速,风机,18,风速,,1,0,1,3,,0#167#0#1#0,0#169#0#1#0,,,,0#169#0#1#0,,,0#169#0#1#0,
210,18号风机风向,风机,18,风向,,1,0,1,3,,0#167#0#1#0,0#168#2#1#0,,,,0#168#2#1#0,,,0#168#2#1#0,
212,18号风机发电机转速,风机,18,发电机转速,,1,0,1,3,,0#167#0#1#0,,,,,,,,,
214,18号风机风机状态,风机,18,风机状态float,,1,0,1,3,0#167#0#1#0,,,,,,,,,,
216,19号风机有功功率,风机,19,有功功率,,1,0,1,3,,0#167#0#1#0,0#169#0#1#0,,,,0#169#0#1#0,,,0#169#0#1#0,
218,19号风机无功功率,风机,19,无功功率,,1,0,1,3,,0#167#0#1#0,0#169#0#1#0,,,,0#169#0#1#0,,,0#169#0#1#0,
220,19号风机风速,风机,19,风速,,1,0,1,3,,0#167#0#1#0,0#169#0#1#0,,,,0#169#0#1#0,,,0#169#0#1#0,
222,19号风机风向,风机,19,风向,,1,0,1,3,,0#167#0#1#0,0#168#2#1#0,,,,0#168#2#1#0,,,0#168#2#1#0,
224,19号风机发电机转速,风机,19,发电机转速,,1,0,1,3,,0#167#0#1#0,,,,,,,,,
226,19号风机风机状态,风机,19,风机状态float,,1,0,1,3,0#167#0#1#0,,,,,,,,,,
228,20号风机有功功率,风机,20,有功功率,,1,0,1,3,,0#167#0#1#0,0#169#0#1#0,,,,0#169#0#1#0,,,0#169#0#1#0,
230,20号风机无功功率,风机,20,无功功率,,1,0,1,3,,0#167#0#1#0,0#169#0#1#0,,,,0#169#0#1#0,,,0#169#0#1#0,
232,20号风机风速,风机,20,风速,,1,0,1,3,,0#167#0#1#0,0#169#0#1#0,,,,0#169#0#1#0,,,0#169#0#1#0,
234,20号风机风向,风机,20,风向,,1,0,1,3,,0#167#0#1#0,0#168#2#1#0,,,,0#168#2#1#0,,,0#168#2#1#0,
236,20号风机发电机转速,风机,20,发电机转速,,1,0,1,3,,0#167#0#1#0,,,,,,,,,
238,20号风机风机状态,风机,20,风机状态float,,1,0,1,3,0#167#0#1#0,,,,,,,,,,
240,21号风机有功功率,风机,21,有功功率,,1,0,1,3,,0#167#0#1#0,0#169#0#1#0,,,,0#169#0#1#0,,,0#169#0#1#0,
242,21号风机无功功率,风机,21,无功功率,,1,0,1,3,,0#167#0#1#0,0#169#0#1#0,,,,0#169#0#1#0,,,0#169#0#1#0,
244,21号风机风速,风机,21,风速,,1,0,1,3,,0#167#0#1#0,0#169#0#1#0,,,,0#169#0#1#0,,,0#169#0#1#0,
246,21号风机风向,风机,21,风向,,1,0,1,3,,0#167#0#1#0,0#168#2#1#0,,,,0#168#2#1#0,,,0#168#2#1#0,
248,21号风机发电机转速,风机,21,发电机转速,,1,0,1,3,,0#167#0#1#0,,,,,,,,,
250,21号风机风机状态,风机,21,风机状态float,,1,0,1,3,0#167#0#1#0,,,,,,,,,,
252,22号风机有功功率,风机,22,有功功率,,1,0,1,3,,0#167#0#1#0,0#169#0#1#0,,,,0#169#0#1#0,,,0#169#0#1#0,
254,22号风机无功功率,风机,22,无功功率,,1,0,1,3,,0#167#0#1#0,0#169#0#1#0,,,,0#169#0#1#0,,,0#169#0#1#0,
256,22号风机风速,风机,22,风速,,1,0,1,3,,0#167#0#1#0,0#169#0#1#0,,,,0#169#0#1#0,,,0#169#0#1#0,
258,22号风机风向,风机,22,风向,,1,0,1,3,,0#167#0#1#0,0#168#2#1#0,,,,0#168#2#1#0,,,0#168#2#1#0,
260,22号风机发电机转速,风机,22,发电机转速,,1,0,1,3,,0#167#0#1#0,,,,,,,,,
262,22号风机风机状态,风机,22,风机状态float,,1,0,1,3,0#167#0#1#0,,,,,,,,,,
264,23号风机有功功率,风机,23,有功功率,,1,0,1,3,,0#167#0#1#0,0#169#0#1#0,,,,0#169#0#1#0,,,0#169#0#1#0,
266,23号风机无功功率,风机,23,无功功率,,1,0,1,3,,0#167#0#1#0,0#169#0#1#0,,,,0#169#0#1#0,,,0#169#0#1#0,
268,23号风机风速,风机,23,风速,,1,0,1,3,,0#167#0#1#0,0#169#0#1#0,,,,0#169#0#1#0,,,0#169#0#1#0,
270,23号风机风向,风机,23,风向,,1,0,1,3,,0#167#0#1#0,0#168#2#1#0,,,,0#168#2#1#0,,,0#168#2#1#0,
272,23号风机发电机转速,风机,23,发电机转速,,1,0,1,3,,0#167#0#1#0,,,,,,,,,
274,23号风机风机状态,风机,23,风机状态float,,1,0,1,3,0#167#0#1#0,,,,,,,,,,
276,24号风机有功功率,风机,24,有功功率,,1,0,1,3,,0#167#0#1#0,0#169#0#1#0,,,,0#169#0#1#0,,,0#169#0#1#0,
278,24号风机无功功率,风机,24,无功功率,,1,0,1,3,,0#167#0#1#0,0#169#0#1#0,,,,0#169#0#1#0,,,0#169#0#1#0,
280,24号风机风速,风机,24,风速,,1,0,1,3,,0#167#0#1#0,0#169#0#1#0,,,,0#169#0#1#0,,,0#169#0#1#0,
282,24号风机风向,风机,24,风向,,1,0,1,3,,0#167#0#1#0,0#168#2#1#0,,,,0#168#2#1#0,,,0#168#2#1#0,
284,24号风机发电机转速,风机,24,发电机转速,,1,0,1,3,,0#167#0#1#0,,,,,,,,,
286,24号风机风机状态,风机,24,风机状态float,,1,0,1,3,0#167#0#1#0,,,,,,,,,,
288,25号风机有功功率,风机,25,有功功率,,1,0,1,3,,0#167#0#1#0,0#169#0#1#0,,,,0#169#0#1#0,,,0#169#0#1#0,
290,25号风机无功功率,风机,25,无功功率,,1,0,1,3,,0#167#0#1#0,0#169#0#1#0,,,,0#169#0#1#0,,,0#169#0#1#0,
292,25号风机风速,风机,25,风速,,1,0,1,3,,0#167#0#1#0,0#169#0#1#0,,,,0#169#0#1#0,,,0#169#0#1#0,
294,25号风机风向,风机,25,风向,,1,0,1,3,,0#167#0#1#0,0#168#2#1#0,,,,0#168#2#1#0,,,0#168#2#1#0,
296,25号风机发电机转速,风机,25,发电机转速,,1,0,1,3,,0#167#0#1#0,,,,,,,,,
298,25号风机风机状态,风机,25,风机状态float,,1,0,1,3,0#167#0#1#0,,,,,,,,,,
300,26号风机有功功率,风机,26,有功功率,,1,0,1,3,,0#167#0#1#0,0#169#0#1#0,,,,0#169#0#1#0,,,0#169#0#1#0,
302,26号风机无功功率,风机,26,无功功率,,1,0,1,3,,0#167#0#1#0,0#169#0#1#0,,,,0#169#0#1#0,,,0#169#0#1#0,
304,26号风机风速,风机,26,风速,,1,0,1,3,,0#167#0#1#0,0#169#0#1#0,,,,0#169#0#1#0,,,0#169#0#1#0,
306,26号风机风向,风机,26,风向,,1,0,1,3,,0#167#0#1#0,0#168#2#1#0,,,,0#168#2#1#0,,,0#168#2#1#0,
308,26号风机发电机转速,风机,26,发电机转速,,1,0,1,3,,0#167#0#1#0,,,,,,,,,
310,26号风机风机状态,风机,26,风机状态float,,1,0,1,3,0#167#0#1#0,,,,,,,,,,
312,27号风机有功功率,风机,27,有功功率,,1,0,1,3,,0#167#0#1#0,0#169#0#1#0,,,,0#169#0#1#0,,,0#169#0#1#0,
314,27号风机无功功率,风机,27,无功功率,,1,0,1,3,,0#167#0#1#0,0#169#0#1#0,,,,0#169#0#1#0,,,0#169#0#1#0,
316,27号风机风速,风机,27,风速,,1,0,1,3,,0#167#0#1#0,0#169#0#1#0,,,,0#169#0#1#0,,,0#169#0#1#0,
318,27号风机风向,风机,27,风向,,1,0,1,3,,0#167#0#1#0,0#168#2#1#0,,,,0#168#2#1#0,,,0#168#2#1#0,
320,27号风机发电机转速,风机,27,发电机转速,,1,0,1,3,,0#167#0#1#0,,,,,,,,,
322,27号风机风机状态,风机,27,风机状态float,,1,0,1,3,0#167#0#1#0,,,,,,,,,,
324,28号风机有功功率,风机,28,有功功率,,1,0,1,3,,0#167#0#1#0,0#169#0#1#0,,,,0#169#0#1#0,,,0#169#0#1#0,
326,28号风机无功功率,风机,28,无功功率,,1,0,1,3,,0#167#0#1#0,0#169#0#1#0,,,,0#169#0#1#0,,,0#169#0#1#0,
328,28号风机风速,风机,28,风速,,1,0,1,3,,0#167#0#1#0,0#169#0#1#0,,,,0#169#0#1#0,,,0#169#0#1#0,
330,28号风机风向,风机,28,风向,,1,0,1,3,,0#167#0#1#0,0#168#2#1#0,,,,0#168#2#1#0,,,0#168#2#1#0,
332,28号风机发电机转速,风机,28,发电机转速,,1,0,1,3,,0#167#0#1#0,,,,,,,,,
334,28号风机风机状态,风机,28,风机状态float,,1,0,1,3,0#167#0#1#0,,,,,,,,,,
336,29号风机有功功率,风机,29,有功功率,,1,0,1,3,,0#167#0#1#0,0#169#0#1#0,,,,0#169#0#1#0,,,0#169#0#1#0,
338,29号风机无功功率,风机,29,无功功率,,1,0,1,3,,0#167#0#1#0,0#169#0#1#0,,,,0#169#0#1#0,,,0#169#0#1#0,
340,29号风机风速,风机,29,风速,,1,0,1,3,,0#167#0#1#0,0#169#0#1#0,,,,0#169#0#1#0,,,0#169#0#1#0,
342,29号风机风向,风机,29,风向,,1,0,1,3,,0#167#0#1#0,0#168#2#1#0,,,,0#168#2#1#0,,,0#168#2#1#0,
344,29号风机发电机转速,风机,29,发电机转速,,1,0,1,3,,0#167#0#1#0,,,,,,,,,
346,29号风机风机状态,风机,29,风机状态float,,1,0,1,3,0#167#0#1#0,,,,,,,,,,
348,30号风机有功功率,风机,30,有功功率,,1,0,1,3,,0#167#0#1#0,0#169#0#1#0,,,,0#169#0#1#0,,,0#169#0#1#0,
350,30号风机无功功率,风机,30,无功功率,,1,0,1,3,,0#167#0#1#0,0#169#0#1#0,,,,0#169#0#1#0,,,0#169#0#1#0,
352,30号风机风速,风机,30,风速,,1,0,1,3,,0#167#0#1#0,0#169#0#1#0,,,,0#169#0#1#0,,,0#169#0#1#0,
354,30号风机风向,风机,30,风向,,1,0,1,3,,0#167#0#1#0,0#168#2#1#0,,,,0#168#2#1#0,,,0#168#2#1#0,
356,30号风机发电机转速,风机,30,发电机转速,,1,0,1,3,,0#167#0#1#0,,,,,,,,,
358,30号风机风机状态,风机,30,风机状态float,,1,0,1,3,0#167#0#1#0,,,,,,,,,,
360,31号风机有功功率,风机,31,有功功率,,1,0,1,3,,0#167#0#1#0,0#169#0#1#0,,,,0#169#0#1#0,,,0#169#0#1#0,
362,31号风机无功功率,风机,31,无功功率,,1,0,1,3,,0#167#0#1#0,0#169#0#1#0,,,,0#169#0#1#0,,,0#169#0#1#0,
364,31号风机风速,风机,31,风速,,1,0,1,3,,0#167#0#1#0,0#169#0#1#0,,,,0#169#0#1#0,,,0#169#0#1#0,
366,31号风机风向,风机,31,风向,,1,0,1,3,,0#167#0#1#0,0#168#2#1#0,,,,0#168#2#1#0,,,0#168#2#1#0,
368,31号风机发电机转速,风机,31,发电机转速,,1,0,1,3,,0#167#0#1#0,,,,,,,,,
370,31号风机风机状态,风机,31,风机状态float,,1,0,1,3,0#167#0#1#0,,,,,,,,,,
372,32号风机有功功率,风机,32,有功功率,,1,0,1,3,,0#167#0#1#0,0#169#0#1#0,,,,0#169#0#1#0,,,0#169#0#1#0,
374,32号风机无功功率,风机,32,无功功率,,1,0,1,3,,0#167#0#1#0,0#169#0#1#0,,,,0#169#0#1#0,,,0#169#0#1#0,
376,32号风机风速,风机,32,风速,,1,0,1,3,,0#167#0#1#0,0#169#0#1#0,,,,0#169#0#1#0,,,0#169#0#1#0,
378,32号风机风向,风机,32,风向,,1,0,1,3,,0#167#0#1#0,0#168#2#1#0,,,,0#168#2#1#0,,,0#168#2#1#0,
380,32号风机发电机转速,风机,32,发电机转速,,1,0,1,3,,0#167#0#1#0,,,,,,,,,
382,32号风机风机状态,风机,32,风机状态float,,1,0,1,3,0#167#0#1#0,,,,,,,,,,
384,33号风机有功功率,风机,33,有功功率,,1,0,1,3,,0#167#0#1#0,0#169#0#1#0,,,,0#169#0#1#0,,,0#169#0#1#0,
386,33号风机无功功率,风机,33,无功功率,,1,0,1,3,,0#167#0#1#0,0#169#0#1#0,,,,0#169#0#1#0,,,0#169#0#1#0,
388,33号风机风速,风机,33,风速,,1,0,1,3,,0#167#0#1#0,0#169#0#1#0,,,,0#169#0#1#0,,,0#169#0#1#0,
390,33号风机风向,风机,33,风向,,1,0,1,3,,0#167#0#1#0,0#168#2#1#0,,,,0#168#2#1#0,,,0#168#2#1#0,
392,33号风机发电机转速,风机,33,发电机转速,,1,0,1,3,,0#167#0#1#0,,,,,,,,,
394,33号风机风机状态,风机,33,风机状态float,,1,0,1,3,0#167#0#1#0,,,,,,,,,,
396,34号风机有功功率,风机,34,有功功率,,1,0,1,3,,0#167#0#1#0,0#169#0#1#0,,,,0#169#0#1#0,,,0#169#0#1#0,
398,34号风机无功功率,风机,34,无功功率,,1,0,1,3,,0#167#0#1#0,0#169#0#1#0,,,,0#169#0#1#0,,,0#169#0#1#0,
400,34号风机风速,风机,34,风速,,1,0,1,3,,0#167#0#1#0,0#169#0#1#0,,,,0#169#0#1#0,,,0#169#0#1#0,
402,34号风机风向,风机,34,风向,,1,0,1,3,,0#167#0#1#0,0#168#2#1#0,,,,0#168#2#1#0,,,0#168#2#1#0,
404,34号风机发电机转速,风机,34,发电机转速,,1,0,1,3,,0#167#0#1#0,,,,,,,,,
406,34号风机风机状态,风机,34,风机状态float,,1,0,1,3,0#167#0#1#0,,,,,,,,,,
408,35号风机有功功率,风机,35,有功功率,,1,0,1,3,,0#167#0#1#0,0#169#0#1#0,,,,0#169#0#1#0,,,0#169#0#1#0,
410,35号风机无功功率,风机,35,无功功率,,1,0,1,3,,0#167#0#1#0,0#169#0#1#0,,,,0#169#0#1#0,,,0#169#0#1#0,
412,35号风机风速,风机,35,风速,,1,0,1,3,,0#167#0#1#0,0#169#0#1#0,,,,0#169#0#1#0,,,0#169#0#1#0,
414,35号风机风向,风机,35,风向,,1,0,1,3,,0#167#0#1#0,0#168#2#1#0,,,,0#168#2#1#0,,,0#168#2#1#0,
416,35号风机发电机转速,风机,35,发电机转速,,1,0,1,3,,0#167#0#1#0,,,,,,,,,
418,35号风机风机状态,风机,35,风机状态float,,1,0,1,3,0#167#0#1#0,,,,,,,,,,
420,36号风机有功功率,风机,36,有功功率,,1,0,1,3,,0#167#0#1#0,0#169#0#1#0,,,,0#169#0#1#0,,,0#169#0#1#0,
422,36号风机无功功率,风机,36,无功功率,,1,0,1,3,,0#167#0#1#0,0#169#0#1#0,,,,0#169#0#1#0,,,0#169#0#1#0,
424,36号风机风速,风机,36,风速,,1,0,1,3,,0#167#0#1#0,0#169#0#1#0,,,,0#169#0#1#0,,,0#169#0#1#0,
426,36号风机风向,风机,36,风向,,1,0,1,3,,0#167#0#1#0,0#168#2#1#0,,,,0#168#2#1#0,,,0#168#2#1#0,
428,36号风机发电机转速,风机,36,发电机转速,,1,0,1,3,,0#167#0#1#0,,,,,,,,,
430,36号风机风机状态,风机,36,风机状态float,,1,0,1,3,0#167#0#1#0,,,,,,,,,,
432,37号风机有功功率,风机,37,有功功率,,1,0,1,3,,0#167#0#1#0,0#169#0#1#0,,,,0#169#0#1#0,,,0#169#0#1#0,
434,37号风机无功功率,风机,37,无功功率,,1,0,1,3,,0#167#0#1#0,0#169#0#1#0,,,,0#169#0#1#0,,,0#169#0#1#0,
436,37号风机风速,风机,37,风速,,1,0,1,3,,0#167#0#1#0,0#169#0#1#0,,,,0#169#0#1#0,,,0#169#0#1#0,
438,37号风机风向,风机,37,风向,,1,0,1,3,,0#167#0#1#0,0#168#2#1#0,,,,0#168#2#1#0,,,0#168#2#1#0,
440,37号风机发电机转速,风机,37,发电机转速,,1,0,1,3,,0#167#0#1#0,,,,,,,,,
442,37号风机风机状态,风机,37,风机状态float,,1,0,1,3,0#167#0#1#0,,,,,,,,,,
444,38号风机有功功率,风机,38,有功功率,,1,0,1,3,,0#167#0#1#0,0#169#0#1#0,,,,0#169#0#1#0,,,0#169#0#1#0,
446,38号风机无功功率,风机,38,无功功率,,1,0,1,3,,0#167#0#1#0,0#169#0#1#0,,,,0#169#0#1#0,,,0#169#0#1#0,
448,38号风机风速,风机,38,风速,,1,0,1,3,,0#167#0#1#0,0#169#0#1#0,,,,0#169#0#1#0,,,0#169#0#1#0,
450,38号风机风向,风机,38,风向,,1,0,1,3,,0#167#0#1#0,0#168#2#1#0,,,,0#168#2#1#0,,,0#168#2#1#0,
452,38号风机发电机转速,风机,38,发电机转速,,1,0,1,3,,0#167#0#1#0,,,,,,,,,
454,38号风机风机状态,风机,38,风机状态float,,1,0,1,3,0#167#0#1#0,,,,,,,,,,
456,39号风机有功功率,风机,39,有功功率,,1,0,1,3,,0#167#0#1#0,0#169#0#1#0,,,,0#169#0#1#0,,,0#169#0#1#0,
458,39号风机无功功率,风机,39,无功功率,,1,0,1,3,,0#167#0#1#0,0#169#0#1#0,,,,0#169#0#1#0,,,0#169#0#1#0,
460,39号风机风速,风机,39,风速,,1,0,1,3,,0#167#0#1#0,0#169#0#1#0,,,,0#169#0#1#0,,,0#169#0#1#0,
462,39号风机风向,风机,39,风向,,1,0,1,3,,0#167#0#1#0,0#168#2#1#0,,,,0#168#2#1#0,,,0#168#2#1#0,
464,39号风机发电机转速,风机,39,发电机转速,,1,0,1,3,,0#167#0#1#0,,,,,,,,,
466,39号风机风机状态,风机,39,风机状态float,,1,0,1,3,0#167#0#1#0,,,,,,,,,,
468,40号风机有功功率,风机,40,有功功率,,1,0,1,3,,0#167#0#1#0,0#169#0#1#0,,,,0#169#0#1#0,,,0#169#0#1#0,
470,40号风机无功功率,风机,40,无功功率,,1,0,1,3,,0#167#0#1#0,0#169#0#1#0,,,,0#169#0#1#0,,,0#169#0#1#0,
472,40号风机风速,风机,40,风速,,1,0,1,3,,0#167#0#1#0,0#169#0#1#0,,,,0#169#0#1#0,,,0#169#0#1#0,
474,40号风机风向,风机,40,风向,,1,0,1,3,,0#167#0#1#0,0#168#2#1#0,,,,0#168#2#1#0,,,0#168#2#1#0,
476,40号风机发电机转速,风机,40,发电机转速,,1,0,1,3,,0#167#0#1#0,,,,,,,,,
478,40号风机风机状态,风机,40,风机状态float,,1,0,1,3,0#167#0#1#0,,,,,,,,,,
480,41号风机有功功率,风机,41,有功功率,,1,0,1,3,,0#167#0#1#0,0#169#0#1#0,,,,0#169#0#1#0,,,0#169#0#1#0,
482,41号风机无功功率,风机,41,无功功率,,1,0,1,3,,0#167#0#1#0,0#169#0#1#0,,,,0#169#0#1#0,,,0#169#0#1#0,
484,41号风机风速,风机,41,风速,,1,0,1,3,,0#167#0#1#0,0#169#0#1#0,,,,0#169#0#1#0,,,0#169#0#1#0,
486,41号风机风向,风机,41,风向,,1,0,1,3,,0#167#0#1#0,0#168#2#1#0,,,,0#168#2#1#0,,,0#168#2#1#0,
488,41号风机发电机转速,风机,41,发电机转速,,1,0,1,3,,0#167#0#1#0,,,,,,,,,
490,41号风机风机状态,风机,41,风机状态float,,1,0,1,3,0#167#0#1#0,,,,,,,,,,
492,42号风机有功功率,风机,42,有功功率,,1,0,1,3,,0#167#0#1#0,0#169#0#1#0,,,,0#169#0#1#0,,,0#169#0#1#0,
494,42号风机无功功率,风机,42,无功功率,,1,0,1,3,,0#167#0#1#0,0#169#0#1#0,,,,0#169#0#1#0,,,0#169#0#1#0,
496,42号风机风速,风机,42,风速,,1,0,1,3,,0#167#0#1#0,0#169#0#1#0,,,,0#169#0#1#0,,,0#169#0#1#0,
498,42号风机风向,风机,42,风向,,1,0,1,3,,0#167#0#1#0,0#168#2#1#0,,,,0#168#2#1#0,,,0#168#2#1#0,
500,42号风机发电机转速,风机,42,发电机转速,,1,0,1,3,,0#167#0#1#0,,,,,,,,,
502,42号风机风机状态,风机,42,风机状态float,,1,0,1,3,0#167#0#1#0,,,,,,,,,,
504,43号风机有功功率,风机,43,有功功率,,1,0,1,3,,0#167#0#1#0,0#169#0#1#0,,,,0#169#0#1#0,,,0#169#0#1#0,
506,43号风机无功功率,风机,43,无功功率,,1,0,1,3,,0#167#0#1#0,0#169#0#1#0,,,,0#169#0#1#0,,,0#169#0#1#0,
508,43号风机风速,风机,43,风速,,1,0,1,3,,0#167#0#1#0,0#169#0#1#0,,,,0#169#0#1#0,,,0#169#0#1#0,
510,43号风机风向,风机,43,风向,,1,0,1,3,,0#167#0#1#0,0#168#2#1#0,,,,0#168#2#1#0,,,0#168#2#1#0,
512,43号风机发电机转速,风机,43,发电机转速,,1,0,1,3,,0#167#0#1#0,,,,,,,,,
514,43号风机风机状态,风机,43,风机状态float,,1,0,1,3,0#167#0#1#0,,,,,,,,,,
516,44号风机有功功率,风机,44,有功功率,,1,0,1,3,,0#167#0#1#0,0#169#0#1#0,,,,0#169#0#1#0,,,0#169#0#1#0,
518,44号风机无功功率,风机,44,无功功率,,1,0,1,3,,0#167#0#1#0,0#169#0#1#0,,,,0#169#0#1#0,,,0#169#0#1#0,
520,44号风机风速,风机,44,风速,,1,0,1,3,,0#167#0#1#0,0#169#0#1#0,,,,0#169#0#1#0,,,0#169#0#1#0,
522,44号风机风向,风机,44,风向,,1,0,1,3,,0#167#0#1#0,0#168#2#1#0,,,,0#168#2#1#0,,,0#168#2#1#0,
524,44号风机发电机转速,风机,44,发电机转速,,1,0,1,3,,0#167#0#1#0,,,,,,,,,
526,44号风机风机状态,风机,44,风机状态float,,1,0,1,3,0#167#0#1#0,,,,,,,,,,
528,45号风机有功功率,风机,45,有功功率,,1,0,1,3,,0#167#0#1#0,0#169#0#1#0,,,,0#169#0#1#0,,,0#169#0#1#0,
530,45号风机无功功率,风机,45,无功功率,,1,0,1,3,,0#167#0#1#0,0#169#0#1#0,,,,0#169#0#1#0,,,0#169#0#1#0,
532,45号风机风速,风机,45,风速,,1,0,1,3,,0#167#0#1#0,0#169#0#1#0,,,,0#169#0#1#0,,,0#169#0#1#0,
534,45号风机风向,风机,45,风向,,1,0,1,3,,0#167#0#1#0,0#168#2#1#0,,,,0#168#2#1#0,,,0#168#2#1#0,
536,45号风机发电机转速,风机,45,发电机转速,,1,0,1,3,,0#167#0#1#0,,,,,,,,,
538,45号风机风机状态,风机,45,风机状态float,,1,0,1,3,0#167#0#1#0,,,,,,,,,,
